"Trait ID","Trait name","Method","RS#","Chromosome","Marker Position (bp)","QTN effect","LOD score","-log10(P)","r2 (%)","MAF","Genotype  for code 1","Var_Error","Var_phen (total)"
"10","Trait10","mrMLM","PstI.TP1020277","1","23246220"," 0.1213"," 3.0071"," 3.702809"," 9.1777","0.4711","C","0.0039","0.0174"
"10","Trait10","mrMLM","PstI.TP1015830","2","64144907","-0.2040"," 4.7253"," 5.510078","15.2278","0.0000","A","",""
"10","Trait10","mrMLM","PstI.TP1000478","2","72314995"," 0.1137"," 3.2999"," 4.013647"," 6.9772","0.4752","C","",""
"10","Trait10","mrMLM","PstI.TP354335","3","50899095","-0.2870","11.5925","12.561541","30.1278","0.0000","C","",""
"10","Trait10","mrMLM","PstI.TP7177","7","19883599"," 0.0968"," 3.0890"," 3.789910"," 5.8514","0.4711","A","",""
"10","Trait10","mrMLM","PstI.TP1134201","9","49341921","-0.2461","12.8928","13.882708","16.7580","0.0041","C","",""
"10","Trait10","mrMLM","PstI.TP77625","9","53718156"," 0.0477"," 3.7460"," 4.484602"," 4.4013","0.3802","C","",""
"10","Trait10","FASTmrMLM","PstI.TP770895","1","13263569","0.0597","4.895","5.6869","9.5803","0.3902","A","0.006","0.0174"
"10","Trait10","FASTmrMLM","PstI.TP1172215","11","8242","0.0346","3.6586","4.3926","1.9444","0.4268","G","",""
"10","Trait10","pLARmEB","PstI.TP770895","1","13263569","0.0739","4.0173","4.7697","9.4473","0.3902","A","0.0061","0.0174"
"10","Trait10","pLARmEB","PstI.TP1020277","1","23246220","0.224","5.1665","5.9692","27.974","0.4715","C","",""
"10","Trait10","pLARmEB","NsiI.TP549004","2","62333756","0.2005","7.4597","8.3373","9.9363","0.4837","C","",""
"10","Trait10","pLARmEB","PstI.TP148033","4","68054990","-0.1315","4.5506","5.3278","14.6308","0.4553","A","",""
"10","Trait10","pLARmEB","PstI.TP897409","6","56637189","0.1464","5.9255","6.756","7.0039","0.4837","C","",""
"10","Trait10","pLARmEB","PstI.TP7177","7","19883599","0.147","5.4326","6.2455","12.0501","0.4715","A","",""
"10","Trait10","ISIS EM-BLASSO","PstI.TP1020277","1","23246220","0.1657","3.937","4.6854","23.6207","0.4715","C","0.0081","0.0174"
"10","Trait10","ISIS EM-BLASSO","PstI.TP548709","2","61335066","0.0364","3.9347","4.683","0.9874","0.4553","A","",""
"10","Trait10","ISIS EM-BLASSO","PstI.TP897409","6","56637189","0.1933","4.0685","4.8234","18.8379","0.4837","C","",""
